"LOCATION","INDICATOR","SUBJECT","MEASURE","FREQUENCY","TIME","Value","Flag Codes"
"AUS","AIREMISSION","GHG","TONNE_CAP","A","1990",24.531,
"AUS","AIREMISSION","GHG","TONNE_CAP","A","1991",24.223,
"AUS","AIREMISSION","GHG","TONNE_CAP","A","1992",24.205,
"AUS","AIREMISSION","GHG","TONNE_CAP","A","1993",24.031,
"AUS","AIREMISSION","GHG","TONNE_CAP","A","1994",23.819,
"AUS","AIREMISSION","GHG","TONNE_CAP","A","1995",24.077,
"AUS","AIREMISSION","GHG","TONNE_CAP","A","1996",24.131,
"AUS","AIREMISSION","GHG","TONNE_CAP","A","1997",24.522,
"AUS","AIREMISSION","GHG","TONNE_CAP","A","1998",25.062,
"AUS","AIREMISSION","GHG","TONNE_CAP","A","1999",25.102,
"AUS","AIREMISSION","GHG","TONNE_CAP","A","2000",25.407,
"AUS","AIREMISSION","GHG","TONNE_CAP","A","2001",25.496,
"AUS","AIREMISSION","GHG","TONNE_CAP","A","2002",25.378,
"AUS","AIREMISSION","GHG","TONNE_CAP","A","2003",25.109,
"AUS","AIREMISSION","GHG","TONNE_CAP","A","2004",25.67,
"AUS","AIREMISSION","GHG","TONNE_CAP","A","2005",25.714,
"AUS","AIREMISSION","GHG","TONNE_CAP","A","2006",25.548,
"AUS","AIREMISSION","GHG","TONNE_CAP","A","2007",25.439,
"AUS","AIREMISSION","GHG","TONNE_CAP","A","2008",25.114,
"AUS","AIREMISSION","GHG","TONNE_CAP","A","2009",24.799,
"AUS","AIREMISSION","GHG","TONNE_CAP","A","2010",24.234,
"AUS","AIREMISSION","GHG","TONNE_CAP","A","2011",23.907,
"AUS","AIREMISSION","GHG","TONNE_CAP","A","2012",23.642,
"AUS","AIREMISSION","GHG","TONNE_CAP","A","2013",22.785,
"AUS","AIREMISSION","GHG","TONNE_CAP","A","2014",22.239,
"AUT","AIREMISSION","GHG","TONNE_CAP","A","1990",10.269,
"AUT","AIREMISSION","GHG","TONNE_CAP","A","1991",10.656,
"AUT","AIREMISSION","GHG","TONNE_CAP","A","1992",9.684,
"AUT","AIREMISSION","GHG","TONNE_CAP","A","1993",9.612,
"AUT","AIREMISSION","GHG","TONNE_CAP","A","1994",9.64,
"AUT","AIREMISSION","GHG","TONNE_CAP","A","1995",10.042,
"AUT","AIREMISSION","GHG","TONNE_CAP","A","1996",10.43,
"AUT","AIREMISSION","GHG","TONNE_CAP","A","1997",10.351,
"AUT","AIREMISSION","GHG","TONNE_CAP","A","1998",10.251,
"AUT","AIREMISSION","GHG","TONNE_CAP","A","1999",10.023,
"AUT","AIREMISSION","GHG","TONNE_CAP","A","2000",10.039,
"AUT","AIREMISSION","GHG","TONNE_CAP","A","2001",10.492,
"AUT","AIREMISSION","GHG","TONNE_CAP","A","2002",10.657,
"AUT","AIREMISSION","GHG","TONNE_CAP","A","2003",11.335,
"AUT","AIREMISSION","GHG","TONNE_CAP","A","2004",11.241,
"AUT","AIREMISSION","GHG","TONNE_CAP","A","2005",11.284,
"AUT","AIREMISSION","GHG","TONNE_CAP","A","2006",10.883,
"AUT","AIREMISSION","GHG","TONNE_CAP","A","2007",10.517,
"AUT","AIREMISSION","GHG","TONNE_CAP","A","2008",10.467,
"AUT","AIREMISSION","GHG","TONNE_CAP","A","2009",9.613,
"AUT","AIREMISSION","GHG","TONNE_CAP","A","2010",10.16,
"AUT","AIREMISSION","GHG","TONNE_CAP","A","2011",9.85,
"AUT","AIREMISSION","GHG","TONNE_CAP","A","2012",9.482,
"AUT","AIREMISSION","GHG","TONNE_CAP","A","2013",9.452,
"AUT","AIREMISSION","GHG","TONNE_CAP","A","2014",8.977,
"BEL","AIREMISSION","GHG","TONNE_CAP","A","1990",14.65,
"BEL","AIREMISSION","GHG","TONNE_CAP","A","1991",14.876,
"BEL","AIREMISSION","GHG","TONNE_CAP","A","1992",14.772,
"BEL","AIREMISSION","GHG","TONNE_CAP","A","1993",14.616,
"BEL","AIREMISSION","GHG","TONNE_CAP","A","1994",15.015,
"BEL","AIREMISSION","GHG","TONNE_CAP","A","1995",15.194,
"BEL","AIREMISSION","GHG","TONNE_CAP","A","1996",15.523,
"BEL","AIREMISSION","GHG","TONNE_CAP","A","1997",14.651,
"BEL","AIREMISSION","GHG","TONNE_CAP","A","1998",15.127,
"BEL","AIREMISSION","GHG","TONNE_CAP","A","1999",14.478,
"BEL","AIREMISSION","GHG","TONNE_CAP","A","2000",14.556,
"BEL","AIREMISSION","GHG","TONNE_CAP","A","2001",14.351,
"BEL","AIREMISSION","GHG","TONNE_CAP","A","2002",14.25,
"BEL","AIREMISSION","GHG","TONNE_CAP","A","2003",14.223,
"BEL","AIREMISSION","GHG","TONNE_CAP","A","2004",14.295,
"BEL","AIREMISSION","GHG","TONNE_CAP","A","2005",13.819,
"BEL","AIREMISSION","GHG","TONNE_CAP","A","2006",13.372,
"BEL","AIREMISSION","GHG","TONNE_CAP","A","2007",12.842,
"BEL","AIREMISSION","GHG","TONNE_CAP","A","2008",12.955,
"BEL","AIREMISSION","GHG","TONNE_CAP","A","2009",11.653,
"BEL","AIREMISSION","GHG","TONNE_CAP","A","2010",12.203,
"BEL","AIREMISSION","GHG","TONNE_CAP","A","2011",11.118,
"BEL","AIREMISSION","GHG","TONNE_CAP","A","2012",10.672,
"BEL","AIREMISSION","GHG","TONNE_CAP","A","2013",10.662,
"BEL","AIREMISSION","GHG","TONNE_CAP","A","2014",10.091,
"CAN","AIREMISSION","GHG","TONNE_CAP","A","1990",22.132,
"CAN","AIREMISSION","GHG","TONNE_CAP","A","1991",21.597,
"CAN","AIREMISSION","GHG","TONNE_CAP","A","1992",21.95,
"CAN","AIREMISSION","GHG","TONNE_CAP","A","1993",21.775,
"CAN","AIREMISSION","GHG","TONNE_CAP","A","1994",22.275,
"CAN","AIREMISSION","GHG","TONNE_CAP","A","1995",22.703,
"CAN","AIREMISSION","GHG","TONNE_CAP","A","1996",23.122,
"CAN","AIREMISSION","GHG","TONNE_CAP","A","1997",23.419,
"CAN","AIREMISSION","GHG","TONNE_CAP","A","1998",23.478,
"CAN","AIREMISSION","GHG","TONNE_CAP","A","1999",23.737,
"CAN","AIREMISSION","GHG","TONNE_CAP","A","2000",24.253,
"CAN","AIREMISSION","GHG","TONNE_CAP","A","2001",23.645,
"CAN","AIREMISSION","GHG","TONNE_CAP","A","2002",23.483,
"CAN","AIREMISSION","GHG","TONNE_CAP","A","2003",23.862,
"CAN","AIREMISSION","GHG","TONNE_CAP","A","2004",23.676,
"CAN","AIREMISSION","GHG","TONNE_CAP","A","2005",23.18,
"CAN","AIREMISSION","GHG","TONNE_CAP","A","2006",22.658,
"CAN","AIREMISSION","GHG","TONNE_CAP","A","2007",23.033,
"CAN","AIREMISSION","GHG","TONNE_CAP","A","2008",22.182,
"CAN","AIREMISSION","GHG","TONNE_CAP","A","2009",20.646,
"CAN","AIREMISSION","GHG","TONNE_CAP","A","2010",20.7,
"CAN","AIREMISSION","GHG","TONNE_CAP","A","2011",20.582,
"CAN","AIREMISSION","GHG","TONNE_CAP","A","2012",20.595,
"CAN","AIREMISSION","GHG","TONNE_CAP","A","2013",20.71,
"CAN","AIREMISSION","GHG","TONNE_CAP","A","2014",20.509,
"CZE","AIREMISSION","GHG","TONNE_CAP","A","1990",18.851,
"CZE","AIREMISSION","GHG","TONNE_CAP","A","1991",17.128,
"CZE","AIREMISSION","GHG","TONNE_CAP","A","1992",16.475,
"CZE","AIREMISSION","GHG","TONNE_CAP","A","1993",15.693,
"CZE","AIREMISSION","GHG","TONNE_CAP","A","1994",14.944,
"CZE","AIREMISSION","GHG","TONNE_CAP","A","1995",14.993,
"CZE","AIREMISSION","GHG","TONNE_CAP","A","1996",15.225,
"CZE","AIREMISSION","GHG","TONNE_CAP","A","1997",14.863,
"CZE","AIREMISSION","GHG","TONNE_CAP","A","1998",14.323,
"CZE","AIREMISSION","GHG","TONNE_CAP","A","1999",13.47,
"CZE","AIREMISSION","GHG","TONNE_CAP","A","2000",14.407,
"CZE","AIREMISSION","GHG","TONNE_CAP","A","2001",14.428,
"CZE","AIREMISSION","GHG","TONNE_CAP","A","2002",14.121,
"CZE","AIREMISSION","GHG","TONNE_CAP","A","2003",14.452,
"CZE","AIREMISSION","GHG","TONNE_CAP","A","2004",14.516,
"CZE","AIREMISSION","GHG","TONNE_CAP","A","2005",14.263,
"CZE","AIREMISSION","GHG","TONNE_CAP","A","2006",14.397,
"CZE","AIREMISSION","GHG","TONNE_CAP","A","2007",14.401,
"CZE","AIREMISSION","GHG","TONNE_CAP","A","2008",13.807,
"CZE","AIREMISSION","GHG","TONNE_CAP","A","2009",12.922,
"CZE","AIREMISSION","GHG","TONNE_CAP","A","2010",13.092,
"CZE","AIREMISSION","GHG","TONNE_CAP","A","2011",12.99,
"CZE","AIREMISSION","GHG","TONNE_CAP","A","2012",12.59,
"CZE","AIREMISSION","GHG","TONNE_CAP","A","2013",12.215,
"CZE","AIREMISSION","GHG","TONNE_CAP","A","2014",11.749,
"DNK","AIREMISSION","GHG","TONNE_CAP","A","1990",13.771,
"DNK","AIREMISSION","GHG","TONNE_CAP","A","1991",15.804,
"DNK","AIREMISSION","GHG","TONNE_CAP","A","1992",14.633,
"DNK","AIREMISSION","GHG","TONNE_CAP","A","1993",14.952,
"DNK","AIREMISSION","GHG","TONNE_CAP","A","1994",15.677,
"DNK","AIREMISSION","GHG","TONNE_CAP","A","1995",15.018,
"DNK","AIREMISSION","GHG","TONNE_CAP","A","1996",17.427,
"DNK","AIREMISSION","GHG","TONNE_CAP","A","1997",15.586,
"DNK","AIREMISSION","GHG","TONNE_CAP","A","1998",14.764,
"DNK","AIREMISSION","GHG","TONNE_CAP","A","1999",14.277,
"DNK","AIREMISSION","GHG","TONNE_CAP","A","2000",13.411,
"DNK","AIREMISSION","GHG","TONNE_CAP","A","2001",13.691,
"DNK","AIREMISSION","GHG","TONNE_CAP","A","2002",13.578,
"DNK","AIREMISSION","GHG","TONNE_CAP","A","2003",14.464,
"DNK","AIREMISSION","GHG","TONNE_CAP","A","2004",13.304,
"DNK","AIREMISSION","GHG","TONNE_CAP","A","2005",12.453,
"DNK","AIREMISSION","GHG","TONNE_CAP","A","2006",13.852,
"DNK","AIREMISSION","GHG","TONNE_CAP","A","2007",12.94,
"DNK","AIREMISSION","GHG","TONNE_CAP","A","2008",12.2,
"DNK","AIREMISSION","GHG","TONNE_CAP","A","2009",11.603,
"DNK","AIREMISSION","GHG","TONNE_CAP","A","2010",11.653,
"DNK","AIREMISSION","GHG","TONNE_CAP","A","2011",10.662,
"DNK","AIREMISSION","GHG","TONNE_CAP","A","2012",9.738,
"DNK","AIREMISSION","GHG","TONNE_CAP","A","2013",10.049,
"DNK","AIREMISSION","GHG","TONNE_CAP","A","2014",9.321,
"FIN","AIREMISSION","GHG","TONNE_CAP","A","1990",14.252,
"FIN","AIREMISSION","GHG","TONNE_CAP","A","1991",13.726,
"FIN","AIREMISSION","GHG","TONNE_CAP","A","1992",13.38,
"FIN","AIREMISSION","GHG","TONNE_CAP","A","1993",13.754,
"FIN","AIREMISSION","GHG","TONNE_CAP","A","1994",14.777,
"FIN","AIREMISSION","GHG","TONNE_CAP","A","1995",14.029,
"FIN","AIREMISSION","GHG","TONNE_CAP","A","1996",15.108,
"FIN","AIREMISSION","GHG","TONNE_CAP","A","1997",14.802,
"FIN","AIREMISSION","GHG","TONNE_CAP","A","1998",14.038,
"FIN","AIREMISSION","GHG","TONNE_CAP","A","1999",13.893,
"FIN","AIREMISSION","GHG","TONNE_CAP","A","2000",13.499,
"FIN","AIREMISSION","GHG","TONNE_CAP","A","2001",14.492,
"FIN","AIREMISSION","GHG","TONNE_CAP","A","2002",14.923,
"FIN","AIREMISSION","GHG","TONNE_CAP","A","2003",16.327,
"FIN","AIREMISSION","GHG","TONNE_CAP","A","2004",15.554,
"FIN","AIREMISSION","GHG","TONNE_CAP","A","2005",13.229,
"FIN","AIREMISSION","GHG","TONNE_CAP","A","2006",15.306,
"FIN","AIREMISSION","GHG","TONNE_CAP","A","2007",14.952,
"FIN","AIREMISSION","GHG","TONNE_CAP","A","2008",13.405,
"FIN","AIREMISSION","GHG","TONNE_CAP","A","2009",12.659,
"FIN","AIREMISSION","GHG","TONNE_CAP","A","2010",14.143,
"FIN","AIREMISSION","GHG","TONNE_CAP","A","2011",12.615,
"FIN","AIREMISSION","GHG","TONNE_CAP","A","2012",11.513,
"FIN","AIREMISSION","GHG","TONNE_CAP","A","2013",11.617,
"FIN","AIREMISSION","GHG","TONNE_CAP","A","2014",10.801,
"FRA","AIREMISSION","GHG","TONNE_CAP","A","1990",9.682,
"FRA","AIREMISSION","GHG","TONNE_CAP","A","1991",10.096,
"FRA","AIREMISSION","GHG","TONNE_CAP","A","1992",9.855,
"FRA","AIREMISSION","GHG","TONNE_CAP","A","1993",9.424,
"FRA","AIREMISSION","GHG","TONNE_CAP","A","1994",9.377,
"FRA","AIREMISSION","GHG","TONNE_CAP","A","1995",9.488,
"FRA","AIREMISSION","GHG","TONNE_CAP","A","1996",9.715,
"FRA","AIREMISSION","GHG","TONNE_CAP","A","1997",9.572,
"FRA","AIREMISSION","GHG","TONNE_CAP","A","1998",9.818,
"FRA","AIREMISSION","GHG","TONNE_CAP","A","1999",9.55,
"FRA","AIREMISSION","GHG","TONNE_CAP","A","2000",9.422,
"FRA","AIREMISSION","GHG","TONNE_CAP","A","2001",9.357,
"FRA","AIREMISSION","GHG","TONNE_CAP","A","2002",9.194,
"FRA","AIREMISSION","GHG","TONNE_CAP","A","2003",9.241,
"FRA","AIREMISSION","GHG","TONNE_CAP","A","2004",9.132,
"FRA","AIREMISSION","GHG","TONNE_CAP","A","2005",9.12,
"FRA","AIREMISSION","GHG","TONNE_CAP","A","2006",8.869,
"FRA","AIREMISSION","GHG","TONNE_CAP","A","2007",8.674,
"FRA","AIREMISSION","GHG","TONNE_CAP","A","2008",8.519,
"FRA","AIREMISSION","GHG","TONNE_CAP","A","2009",8.15,
"FRA","AIREMISSION","GHG","TONNE_CAP","A","2010",8.248,
"FRA","AIREMISSION","GHG","TONNE_CAP","A","2011",7.775,
"FRA","AIREMISSION","GHG","TONNE_CAP","A","2012",7.761,
"FRA","AIREMISSION","GHG","TONNE_CAP","A","2013",7.7,
"FRA","AIREMISSION","GHG","TONNE_CAP","A","2014",7.216,
"DEU","AIREMISSION","GHG","TONNE_CAP","A","1990",15.687,
"DEU","AIREMISSION","GHG","TONNE_CAP","A","1991",14.994,
"DEU","AIREMISSION","GHG","TONNE_CAP","A","1992",14.259,
"DEU","AIREMISSION","GHG","TONNE_CAP","A","1993",14.055,
"DEU","AIREMISSION","GHG","TONNE_CAP","A","1994",13.775,
"DEU","AIREMISSION","GHG","TONNE_CAP","A","1995",13.694,
"DEU","AIREMISSION","GHG","TONNE_CAP","A","1996",13.873,
"DEU","AIREMISSION","GHG","TONNE_CAP","A","1997",13.432,
"DEU","AIREMISSION","GHG","TONNE_CAP","A","1998",13.119,
"DEU","AIREMISSION","GHG","TONNE_CAP","A","1999",12.706,
"DEU","AIREMISSION","GHG","TONNE_CAP","A","2000",12.663,
"DEU","AIREMISSION","GHG","TONNE_CAP","A","2001",12.822,
"DEU","AIREMISSION","GHG","TONNE_CAP","A","2002",12.545,
"DEU","AIREMISSION","GHG","TONNE_CAP","A","2003",12.5,
"DEU","AIREMISSION","GHG","TONNE_CAP","A","2004",12.305,
"DEU","AIREMISSION","GHG","TONNE_CAP","A","2005",12.003,
"DEU","AIREMISSION","GHG","TONNE_CAP","A","2006",12.105,
"DEU","AIREMISSION","GHG","TONNE_CAP","A","2007",11.793,
"DEU","AIREMISSION","GHG","TONNE_CAP","A","2008",11.84,
"DEU","AIREMISSION","GHG","TONNE_CAP","A","2009",11.046,
"DEU","AIREMISSION","GHG","TONNE_CAP","A","2010",11.487,
"DEU","AIREMISSION","GHG","TONNE_CAP","A","2011",11.354,
"DEU","AIREMISSION","GHG","TONNE_CAP","A","2012",11.498,
"DEU","AIREMISSION","GHG","TONNE_CAP","A","2013",11.7,
"DEU","AIREMISSION","GHG","TONNE_CAP","A","2014",11.125,
"GRC","AIREMISSION","GHG","TONNE_CAP","A","1990",10.321,
"GRC","AIREMISSION","GHG","TONNE_CAP","A","1991",10.226,
"GRC","AIREMISSION","GHG","TONNE_CAP","A","1992",10.234,
"GRC","AIREMISSION","GHG","TONNE_CAP","A","1993",10.098,
"GRC","AIREMISSION","GHG","TONNE_CAP","A","1994",10.283,
"GRC","AIREMISSION","GHG","TONNE_CAP","A","1995",10.421,
"GRC","AIREMISSION","GHG","TONNE_CAP","A","1996",10.641,
"GRC","AIREMISSION","GHG","TONNE_CAP","A","1997",11.024,
"GRC","AIREMISSION","GHG","TONNE_CAP","A","1998",11.482,
"GRC","AIREMISSION","GHG","TONNE_CAP","A","1999",11.448,
"GRC","AIREMISSION","GHG","TONNE_CAP","A","2000",11.696,
"GRC","AIREMISSION","GHG","TONNE_CAP","A","2001",11.723,
"GRC","AIREMISSION","GHG","TONNE_CAP","A","2002",11.68,
"GRC","AIREMISSION","GHG","TONNE_CAP","A","2003",11.962,
"GRC","AIREMISSION","GHG","TONNE_CAP","A","2004",11.974,
"GRC","AIREMISSION","GHG","TONNE_CAP","A","2005",12.263,
"GRC","AIREMISSION","GHG","TONNE_CAP","A","2006",11.875,
"GRC","AIREMISSION","GHG","TONNE_CAP","A","2007",12.09,
"GRC","AIREMISSION","GHG","TONNE_CAP","A","2008",11.739,
"GRC","AIREMISSION","GHG","TONNE_CAP","A","2009",11.158,
"GRC","AIREMISSION","GHG","TONNE_CAP","A","2010",10.646,
"GRC","AIREMISSION","GHG","TONNE_CAP","A","2011",10.399,
"GRC","AIREMISSION","GHG","TONNE_CAP","A","2012",10.116,
"GRC","AIREMISSION","GHG","TONNE_CAP","A","2013",9.213,
"GRC","AIREMISSION","GHG","TONNE_CAP","A","2014",8.91,
"HUN","AIREMISSION","GHG","TONNE_CAP","A","1990",9.074,
"HUN","AIREMISSION","GHG","TONNE_CAP","A","1991",8.416,
"HUN","AIREMISSION","GHG","TONNE_CAP","A","1992",7.456,
"HUN","AIREMISSION","GHG","TONNE_CAP","A","1993",7.544,
"HUN","AIREMISSION","GHG","TONNE_CAP","A","1994",7.447,
"HUN","AIREMISSION","GHG","TONNE_CAP","A","1995",7.329,
"HUN","AIREMISSION","GHG","TONNE_CAP","A","1996",7.566,
"HUN","AIREMISSION","GHG","TONNE_CAP","A","1997",7.439,
"HUN","AIREMISSION","GHG","TONNE_CAP","A","1998",7.409,
"HUN","AIREMISSION","GHG","TONNE_CAP","A","1999",7.483,
"HUN","AIREMISSION","GHG","TONNE_CAP","A","2000",7.204,
"HUN","AIREMISSION","GHG","TONNE_CAP","A","2001",7.429,
"HUN","AIREMISSION","GHG","TONNE_CAP","A","2002",7.3,
"HUN","AIREMISSION","GHG","TONNE_CAP","A","2003",7.621,
"HUN","AIREMISSION","GHG","TONNE_CAP","A","2004",7.532,
"HUN","AIREMISSION","GHG","TONNE_CAP","A","2005",7.528,
"HUN","AIREMISSION","GHG","TONNE_CAP","A","2006",7.435,
"HUN","AIREMISSION","GHG","TONNE_CAP","A","2007",7.269,
"HUN","AIREMISSION","GHG","TONNE_CAP","A","2008",7.107,
"HUN","AIREMISSION","GHG","TONNE_CAP","A","2009",6.494,
"HUN","AIREMISSION","GHG","TONNE_CAP","A","2010",6.552,
"HUN","AIREMISSION","GHG","TONNE_CAP","A","2011",6.407,
"HUN","AIREMISSION","GHG","TONNE_CAP","A","2012",6.059,
"HUN","AIREMISSION","GHG","TONNE_CAP","A","2013",5.821,
"HUN","AIREMISSION","GHG","TONNE_CAP","A","2014",5.814,
"ISL","AIREMISSION","GHG","TONNE_CAP","A","1990",14.261,
"ISL","AIREMISSION","GHG","TONNE_CAP","A","1991",13.427,
"ISL","AIREMISSION","GHG","TONNE_CAP","A","1992",12.8,
"ISL","AIREMISSION","GHG","TONNE_CAP","A","1993",12.862,
"ISL","AIREMISSION","GHG","TONNE_CAP","A","1994",12.513,
"ISL","AIREMISSION","GHG","TONNE_CAP","A","1995",12.675,
"ISL","AIREMISSION","GHG","TONNE_CAP","A","1996",12.912,
"ISL","AIREMISSION","GHG","TONNE_CAP","A","1997",13.329,
"ISL","AIREMISSION","GHG","TONNE_CAP","A","1998",13.714,
"ISL","AIREMISSION","GHG","TONNE_CAP","A","1999",14.362,
"ISL","AIREMISSION","GHG","TONNE_CAP","A","2000",14.095,
"ISL","AIREMISSION","GHG","TONNE_CAP","A","2001",13.722,
"ISL","AIREMISSION","GHG","TONNE_CAP","A","2002",13.691,
"ISL","AIREMISSION","GHG","TONNE_CAP","A","2003",13.547,
"ISL","AIREMISSION","GHG","TONNE_CAP","A","2004",13.467,
"ISL","AIREMISSION","GHG","TONNE_CAP","A","2005",13.174,
"ISL","AIREMISSION","GHG","TONNE_CAP","A","2006",14.636,
"ISL","AIREMISSION","GHG","TONNE_CAP","A","2007",15.141,
"ISL","AIREMISSION","GHG","TONNE_CAP","A","2008",16.096,
"ISL","AIREMISSION","GHG","TONNE_CAP","A","2009",15.211,
"ISL","AIREMISSION","GHG","TONNE_CAP","A","2010",14.876,
"ISL","AIREMISSION","GHG","TONNE_CAP","A","2011",14.17,
"ISL","AIREMISSION","GHG","TONNE_CAP","A","2012",14.239,
"ISL","AIREMISSION","GHG","TONNE_CAP","A","2013",14.08,
"ISL","AIREMISSION","GHG","TONNE_CAP","A","2014",14.145,
"IRL","AIREMISSION","GHG","TONNE_CAP","A","1990",16.022,
"IRL","AIREMISSION","GHG","TONNE_CAP","A","1991",16.14,
"IRL","AIREMISSION","GHG","TONNE_CAP","A","1992",16.005,
"IRL","AIREMISSION","GHG","TONNE_CAP","A","1993",15.994,
"IRL","AIREMISSION","GHG","TONNE_CAP","A","1994",16.3,
"IRL","AIREMISSION","GHG","TONNE_CAP","A","1995",16.625,
"IRL","AIREMISSION","GHG","TONNE_CAP","A","1996",17.1,
"IRL","AIREMISSION","GHG","TONNE_CAP","A","1997",17.336,
"IRL","AIREMISSION","GHG","TONNE_CAP","A","1998",17.825,
"IRL","AIREMISSION","GHG","TONNE_CAP","A","1999",17.945,
"IRL","AIREMISSION","GHG","TONNE_CAP","A","2000",18.293,
"IRL","AIREMISSION","GHG","TONNE_CAP","A","2001",18.558,
"IRL","AIREMISSION","GHG","TONNE_CAP","A","2002",17.709,
"IRL","AIREMISSION","GHG","TONNE_CAP","A","2003",17.49,
"IRL","AIREMISSION","GHG","TONNE_CAP","A","2004",17.041,
"IRL","AIREMISSION","GHG","TONNE_CAP","A","2005",17.029,
"IRL","AIREMISSION","GHG","TONNE_CAP","A","2006",16.489,
"IRL","AIREMISSION","GHG","TONNE_CAP","A","2007",15.787,
"IRL","AIREMISSION","GHG","TONNE_CAP","A","2008",15.262,
"IRL","AIREMISSION","GHG","TONNE_CAP","A","2009",13.866,
"IRL","AIREMISSION","GHG","TONNE_CAP","A","2010",13.678,
"IRL","AIREMISSION","GHG","TONNE_CAP","A","2011",12.721,
"IRL","AIREMISSION","GHG","TONNE_CAP","A","2012",12.799,
"IRL","AIREMISSION","GHG","TONNE_CAP","A","2013",12.747,
"IRL","AIREMISSION","GHG","TONNE_CAP","A","2014",12.637,
"ITA","AIREMISSION","GHG","TONNE_CAP","A","1990",9.202,
"ITA","AIREMISSION","GHG","TONNE_CAP","A","1991",9.223,
"ITA","AIREMISSION","GHG","TONNE_CAP","A","1992",9.155,
"ITA","AIREMISSION","GHG","TONNE_CAP","A","1993",9.037,
"ITA","AIREMISSION","GHG","TONNE_CAP","A","1994",8.894,
"ITA","AIREMISSION","GHG","TONNE_CAP","A","1995",9.384,
"ITA","AIREMISSION","GHG","TONNE_CAP","A","1996",9.265,
"ITA","AIREMISSION","GHG","TONNE_CAP","A","1997",9.364,
"ITA","AIREMISSION","GHG","TONNE_CAP","A","1998",9.556,
"ITA","AIREMISSION","GHG","TONNE_CAP","A","1999",9.654,
"ITA","AIREMISSION","GHG","TONNE_CAP","A","2000",9.738,
"ITA","AIREMISSION","GHG","TONNE_CAP","A","2001",9.857,
"ITA","AIREMISSION","GHG","TONNE_CAP","A","2002",9.831,
"ITA","AIREMISSION","GHG","TONNE_CAP","A","2003",10.036,
"ITA","AIREMISSION","GHG","TONNE_CAP","A","2004",9.982,
"ITA","AIREMISSION","GHG","TONNE_CAP","A","2005",9.878,
"ITA","AIREMISSION","GHG","TONNE_CAP","A","2006",9.655,
"ITA","AIREMISSION","GHG","TONNE_CAP","A","2007",9.451,
"ITA","AIREMISSION","GHG","TONNE_CAP","A","2008",9.183,
"ITA","AIREMISSION","GHG","TONNE_CAP","A","2009",8.288,
"ITA","AIREMISSION","GHG","TONNE_CAP","A","2010",8.406,
"ITA","AIREMISSION","GHG","TONNE_CAP","A","2011",8.161,
"ITA","AIREMISSION","GHG","TONNE_CAP","A","2012",7.694,
"ITA","AIREMISSION","GHG","TONNE_CAP","A","2013",7.174,
"ITA","AIREMISSION","GHG","TONNE_CAP","A","2014",6.815,
"JPN","AIREMISSION","GHG","TONNE_CAP","A","1990",10.28,
"JPN","AIREMISSION","GHG","TONNE_CAP","A","1991",10.327,
"JPN","AIREMISSION","GHG","TONNE_CAP","A","1992",10.401,
"JPN","AIREMISSION","GHG","TONNE_CAP","A","1993",10.306,
"JPN","AIREMISSION","GHG","TONNE_CAP","A","1994",10.863,
"JPN","AIREMISSION","GHG","TONNE_CAP","A","1995",10.989,
"JPN","AIREMISSION","GHG","TONNE_CAP","A","1996",11.068,
"JPN","AIREMISSION","GHG","TONNE_CAP","A","1997",11.017,
"JPN","AIREMISSION","GHG","TONNE_CAP","A","1998",10.64,
"JPN","AIREMISSION","GHG","TONNE_CAP","A","1999",10.797,
"JPN","AIREMISSION","GHG","TONNE_CAP","A","2000",10.925,
"JPN","AIREMISSION","GHG","TONNE_CAP","A","2001",10.674,
"JPN","AIREMISSION","GHG","TONNE_CAP","A","2002",10.91,
"JPN","AIREMISSION","GHG","TONNE_CAP","A","2003",10.913,
"JPN","AIREMISSION","GHG","TONNE_CAP","A","2004",10.883,
"JPN","AIREMISSION","GHG","TONNE_CAP","A","2005",10.935,
"JPN","AIREMISSION","GHG","TONNE_CAP","A","2006",10.784,
"JPN","AIREMISSION","GHG","TONNE_CAP","A","2007",11.057,
"JPN","AIREMISSION","GHG","TONNE_CAP","A","2008",10.394,
"JPN","AIREMISSION","GHG","TONNE_CAP","A","2009",9.811,
"JPN","AIREMISSION","GHG","TONNE_CAP","A","2010",10.19,
"JPN","AIREMISSION","GHG","TONNE_CAP","A","2011",10.6,
"JPN","AIREMISSION","GHG","TONNE_CAP","A","2012",10.903,
"JPN","AIREMISSION","GHG","TONNE_CAP","A","2013",11.06,
"JPN","AIREMISSION","GHG","TONNE_CAP","A","2014",10.743,
"KOR","AIREMISSION","GHG","TONNE_CAP","A","1990",6.817,
"KOR","AIREMISSION","GHG","TONNE_CAP","A","1991",7.284,
"KOR","AIREMISSION","GHG","TONNE_CAP","A","1992",7.82,
"KOR","AIREMISSION","GHG","TONNE_CAP","A","1993",8.54,
"KOR","AIREMISSION","GHG","TONNE_CAP","A","1994",9.013,
"KOR","AIREMISSION","GHG","TONNE_CAP","A","1995",9.622,
"KOR","AIREMISSION","GHG","TONNE_CAP","A","1996",10.28,
"KOR","AIREMISSION","GHG","TONNE_CAP","A","1997",10.84,
"KOR","AIREMISSION","GHG","TONNE_CAP","A","1998",9.251,
"KOR","AIREMISSION","GHG","TONNE_CAP","A","1999",9.996,
"KOR","AIREMISSION","GHG","TONNE_CAP","A","2000",10.611,
"KOR","AIREMISSION","GHG","TONNE_CAP","A","2001",10.804,
"KOR","AIREMISSION","GHG","TONNE_CAP","A","2002",11.188,
"KOR","AIREMISSION","GHG","TONNE_CAP","A","2003",11.354,
"KOR","AIREMISSION","GHG","TONNE_CAP","A","2004",11.499,
"KOR","AIREMISSION","GHG","TONNE_CAP","A","2005",11.554,
"KOR","AIREMISSION","GHG","TONNE_CAP","A","2006",11.61,
"KOR","AIREMISSION","GHG","TONNE_CAP","A","2007",11.88,
"KOR","AIREMISSION","GHG","TONNE_CAP","A","2008",12.071,
"KOR","AIREMISSION","GHG","TONNE_CAP","A","2009",12.081,
"KOR","AIREMISSION","GHG","TONNE_CAP","A","2010",13.217,
"KOR","AIREMISSION","GHG","TONNE_CAP","A","2011",13.673,
"KOR","AIREMISSION","GHG","TONNE_CAP","A","2012",13.685,
"KOR","AIREMISSION","GHG","TONNE_CAP","A","2013",13.83,
"LUX","AIREMISSION","GHG","TONNE_CAP","A","1990",33.707,
"LUX","AIREMISSION","GHG","TONNE_CAP","A","1991",34.668,
"LUX","AIREMISSION","GHG","TONNE_CAP","A","1992",33.64,
"LUX","AIREMISSION","GHG","TONNE_CAP","A","1993",33.485,
"LUX","AIREMISSION","GHG","TONNE_CAP","A","1994",30.966,
"LUX","AIREMISSION","GHG","TONNE_CAP","A","1995",24.691,
"LUX","AIREMISSION","GHG","TONNE_CAP","A","1996",24.529,
"LUX","AIREMISSION","GHG","TONNE_CAP","A","1997",22.592,
"LUX","AIREMISSION","GHG","TONNE_CAP","A","1998",20.169,
"LUX","AIREMISSION","GHG","TONNE_CAP","A","1999",20.757,
"LUX","AIREMISSION","GHG","TONNE_CAP","A","2000",22.33,
"LUX","AIREMISSION","GHG","TONNE_CAP","A","2001",23.206,
"LUX","AIREMISSION","GHG","TONNE_CAP","A","2002",24.668,
"LUX","AIREMISSION","GHG","TONNE_CAP","A","2003",25.26,
"LUX","AIREMISSION","GHG","TONNE_CAP","A","2004",28.153,
"LUX","AIREMISSION","GHG","TONNE_CAP","A","2005",28.286,
"LUX","AIREMISSION","GHG","TONNE_CAP","A","2006",27.497,
"LUX","AIREMISSION","GHG","TONNE_CAP","A","2007",25.859,
"LUX","AIREMISSION","GHG","TONNE_CAP","A","2008",25.153,
"LUX","AIREMISSION","GHG","TONNE_CAP","A","2009",23.607,
"LUX","AIREMISSION","GHG","TONNE_CAP","A","2010",24.34,
"LUX","AIREMISSION","GHG","TONNE_CAP","A","2011",23.625,
"LUX","AIREMISSION","GHG","TONNE_CAP","A","2012",22.427,
"LUX","AIREMISSION","GHG","TONNE_CAP","A","2013",20.87,
"LUX","AIREMISSION","GHG","TONNE_CAP","A","2014",19.594,
"MEX","AIREMISSION","GHG","TONNE_CAP","A","1990",5.269,
"MEX","AIREMISSION","GHG","TONNE_CAP","A","1991",5.253,
"MEX","AIREMISSION","GHG","TONNE_CAP","A","1992",5.164,
"MEX","AIREMISSION","GHG","TONNE_CAP","A","1993",5.193,
"MEX","AIREMISSION","GHG","TONNE_CAP","A","1994",5.423,
"MEX","AIREMISSION","GHG","TONNE_CAP","A","1995",5.159,
"MEX","AIREMISSION","GHG","TONNE_CAP","A","1996",5.267,
"MEX","AIREMISSION","GHG","TONNE_CAP","A","1997",5.365,
"MEX","AIREMISSION","GHG","TONNE_CAP","A","1998",5.536,
"MEX","AIREMISSION","GHG","TONNE_CAP","A","1999",5.409,
"MEX","AIREMISSION","GHG","TONNE_CAP","A","2000",5.6,
"MEX","AIREMISSION","GHG","TONNE_CAP","A","2001",5.528,
"MEX","AIREMISSION","GHG","TONNE_CAP","A","2002",5.508,
"MEX","AIREMISSION","GHG","TONNE_CAP","A","2003",5.541,
"MEX","AIREMISSION","GHG","TONNE_CAP","A","2004",5.777,
"MEX","AIREMISSION","GHG","TONNE_CAP","A","2005",5.736,
"MEX","AIREMISSION","GHG","TONNE_CAP","A","2006",5.935,
"MEX","AIREMISSION","GHG","TONNE_CAP","A","2007",6.105,
"MEX","AIREMISSION","GHG","TONNE_CAP","A","2008",6.282,
"MEX","AIREMISSION","GHG","TONNE_CAP","A","2009",6.105,
"MEX","AIREMISSION","GHG","TONNE_CAP","A","2010",6.139,
"MEX","AIREMISSION","GHG","TONNE_CAP","A","2013",5.345,
"NLD","AIREMISSION","GHG","TONNE_CAP","A","1990",14.816,
"NLD","AIREMISSION","GHG","TONNE_CAP","A","1991",15.219,
"NLD","AIREMISSION","GHG","TONNE_CAP","A","1992",15.153,
"NLD","AIREMISSION","GHG","TONNE_CAP","A","1993",15.13,
"NLD","AIREMISSION","GHG","TONNE_CAP","A","1994",15.279,
"NLD","AIREMISSION","GHG","TONNE_CAP","A","1995",14.989,
"NLD","AIREMISSION","GHG","TONNE_CAP","A","1996",15.622,
"NLD","AIREMISSION","GHG","TONNE_CAP","A","1997",15.064,
"NLD","AIREMISSION","GHG","TONNE_CAP","A","1998",14.978,
"NLD","AIREMISSION","GHG","TONNE_CAP","A","1999",14.034,
"NLD","AIREMISSION","GHG","TONNE_CAP","A","2000",13.809,
"NLD","AIREMISSION","GHG","TONNE_CAP","A","2001",13.7,
"NLD","AIREMISSION","GHG","TONNE_CAP","A","2002",13.491,
"NLD","AIREMISSION","GHG","TONNE_CAP","A","2003",13.431,
"NLD","AIREMISSION","GHG","TONNE_CAP","A","2004",13.455,
"NLD","AIREMISSION","GHG","TONNE_CAP","A","2005",13.125,
"NLD","AIREMISSION","GHG","TONNE_CAP","A","2006",12.795,
"NLD","AIREMISSION","GHG","TONNE_CAP","A","2007",12.702,
"NLD","AIREMISSION","GHG","TONNE_CAP","A","2008",12.613,
"NLD","AIREMISSION","GHG","TONNE_CAP","A","2009",12.201,
"NLD","AIREMISSION","GHG","TONNE_CAP","A","2010",12.851,
"NLD","AIREMISSION","GHG","TONNE_CAP","A","2011",11.969,
"NLD","AIREMISSION","GHG","TONNE_CAP","A","2012",11.642,
"NLD","AIREMISSION","GHG","TONNE_CAP","A","2013",11.594,
"NLD","AIREMISSION","GHG","TONNE_CAP","A","2014",11.044,
"NZL","AIREMISSION","GHG","TONNE_CAP","A","1990",19.418,
"NZL","AIREMISSION","GHG","TONNE_CAP","A","1991",19.119,
"NZL","AIREMISSION","GHG","TONNE_CAP","A","1992",19.254,
"NZL","AIREMISSION","GHG","TONNE_CAP","A","1993",18.933,
"NZL","AIREMISSION","GHG","TONNE_CAP","A","1994",19.01,
"NZL","AIREMISSION","GHG","TONNE_CAP","A","1995",18.958,
"NZL","AIREMISSION","GHG","TONNE_CAP","A","1996",19.248,
"NZL","AIREMISSION","GHG","TONNE_CAP","A","1997",19.739,
"NZL","AIREMISSION","GHG","TONNE_CAP","A","1998",18.927,
"NZL","AIREMISSION","GHG","TONNE_CAP","A","1999",19.364,
"NZL","AIREMISSION","GHG","TONNE_CAP","A","2000",19.8,
"NZL","AIREMISSION","GHG","TONNE_CAP","A","2001",20.373,
"NZL","AIREMISSION","GHG","TONNE_CAP","A","2002",20.164,
"NZL","AIREMISSION","GHG","TONNE_CAP","A","2003",20.367,
"NZL","AIREMISSION","GHG","TONNE_CAP","A","2004",19.975,
"NZL","AIREMISSION","GHG","TONNE_CAP","A","2005",20.239,
"NZL","AIREMISSION","GHG","TONNE_CAP","A","2006",20.001,
"NZL","AIREMISSION","GHG","TONNE_CAP","A","2007",19.214,
"NZL","AIREMISSION","GHG","TONNE_CAP","A","2008",19.02,
"NZL","AIREMISSION","GHG","TONNE_CAP","A","2009",18.274,
"NZL","AIREMISSION","GHG","TONNE_CAP","A","2010",18.145,
"NZL","AIREMISSION","GHG","TONNE_CAP","A","2011",18.007,
"NZL","AIREMISSION","GHG","TONNE_CAP","A","2012",18.351,
"NZL","AIREMISSION","GHG","TONNE_CAP","A","2013",18.077,
"NZL","AIREMISSION","GHG","TONNE_CAP","A","2014",17.984,
"NOR","AIREMISSION","GHG","TONNE_CAP","A","1990",12.239,
"NOR","AIREMISSION","GHG","TONNE_CAP","A","1991",11.633,
"NOR","AIREMISSION","GHG","TONNE_CAP","A","1992",11.144,
"NOR","AIREMISSION","GHG","TONNE_CAP","A","1993",11.548,
"NOR","AIREMISSION","GHG","TONNE_CAP","A","1994",11.921,
"NOR","AIREMISSION","GHG","TONNE_CAP","A","1995",11.791,
"NOR","AIREMISSION","GHG","TONNE_CAP","A","1996",12.416,
"NOR","AIREMISSION","GHG","TONNE_CAP","A","1997",12.331,
"NOR","AIREMISSION","GHG","TONNE_CAP","A","1998",12.295,
"NOR","AIREMISSION","GHG","TONNE_CAP","A","1999",12.43,
"NOR","AIREMISSION","GHG","TONNE_CAP","A","2000",12.218,
"NOR","AIREMISSION","GHG","TONNE_CAP","A","2001",12.436,
"NOR","AIREMISSION","GHG","TONNE_CAP","A","2002",12.13,
"NOR","AIREMISSION","GHG","TONNE_CAP","A","2003",12.191,
"NOR","AIREMISSION","GHG","TONNE_CAP","A","2004",12.239,
"NOR","AIREMISSION","GHG","TONNE_CAP","A","2005",11.956,
"NOR","AIREMISSION","GHG","TONNE_CAP","A","2006",11.812,
"NOR","AIREMISSION","GHG","TONNE_CAP","A","2007",12.092,
"NOR","AIREMISSION","GHG","TONNE_CAP","A","2008",11.622,
"NOR","AIREMISSION","GHG","TONNE_CAP","A","2009",10.908,
"NOR","AIREMISSION","GHG","TONNE_CAP","A","2010",11.305,
"NOR","AIREMISSION","GHG","TONNE_CAP","A","2011",10.961,
"NOR","AIREMISSION","GHG","TONNE_CAP","A","2012",10.729,
"NOR","AIREMISSION","GHG","TONNE_CAP","A","2013",10.542,
"NOR","AIREMISSION","GHG","TONNE_CAP","A","2014",10.348,
"POL","AIREMISSION","GHG","TONNE_CAP","A","1990",12.437,
"POL","AIREMISSION","GHG","TONNE_CAP","A","1991",12.135,
"POL","AIREMISSION","GHG","TONNE_CAP","A","1992",11.728,
"POL","AIREMISSION","GHG","TONNE_CAP","A","1993",11.731,
"POL","AIREMISSION","GHG","TONNE_CAP","A","1994",11.587,
"POL","AIREMISSION","GHG","TONNE_CAP","A","1995",11.634,
"POL","AIREMISSION","GHG","TONNE_CAP","A","1996",11.975,
"POL","AIREMISSION","GHG","TONNE_CAP","A","1997",11.722,
"POL","AIREMISSION","GHG","TONNE_CAP","A","1998",10.856,
"POL","AIREMISSION","GHG","TONNE_CAP","A","1999",10.557,
"POL","AIREMISSION","GHG","TONNE_CAP","A","2000",10.254,
"POL","AIREMISSION","GHG","TONNE_CAP","A","2001",10.194,
"POL","AIREMISSION","GHG","TONNE_CAP","A","2002",9.93,
"POL","AIREMISSION","GHG","TONNE_CAP","A","2003",10.291,
"POL","AIREMISSION","GHG","TONNE_CAP","A","2004",10.414,
"POL","AIREMISSION","GHG","TONNE_CAP","A","2005",10.414,
"POL","AIREMISSION","GHG","TONNE_CAP","A","2006",10.792,
"POL","AIREMISSION","GHG","TONNE_CAP","A","2007",10.789,
"POL","AIREMISSION","GHG","TONNE_CAP","A","2008",10.577,
"POL","AIREMISSION","GHG","TONNE_CAP","A","2009",10.089,
"POL","AIREMISSION","GHG","TONNE_CAP","A","2010",10.479,
"POL","AIREMISSION","GHG","TONNE_CAP","A","2011",10.468,
"POL","AIREMISSION","GHG","TONNE_CAP","A","2012",10.302,
"POL","AIREMISSION","GHG","TONNE_CAP","A","2013",10.329,
"POL","AIREMISSION","GHG","TONNE_CAP","A","2014",9.991,
"PRT","AIREMISSION","GHG","TONNE_CAP","A","1990",6.06,
"PRT","AIREMISSION","GHG","TONNE_CAP","A","1991",6.263,
"PRT","AIREMISSION","GHG","TONNE_CAP","A","1992",6.708,
"PRT","AIREMISSION","GHG","TONNE_CAP","A","1993",6.565,
"PRT","AIREMISSION","GHG","TONNE_CAP","A","1994",6.662,
"PRT","AIREMISSION","GHG","TONNE_CAP","A","1995",7.101,
"PRT","AIREMISSION","GHG","TONNE_CAP","A","1996",6.837,
"PRT","AIREMISSION","GHG","TONNE_CAP","A","1997",7.112,
"PRT","AIREMISSION","GHG","TONNE_CAP","A","1998",7.568,
"PRT","AIREMISSION","GHG","TONNE_CAP","A","1999",8.319,
"PRT","AIREMISSION","GHG","TONNE_CAP","A","2000",8.142,
"PRT","AIREMISSION","GHG","TONNE_CAP","A","2001",8.079,
"PRT","AIREMISSION","GHG","TONNE_CAP","A","2002",8.433,
"PRT","AIREMISSION","GHG","TONNE_CAP","A","2003",7.906,
"PRT","AIREMISSION","GHG","TONNE_CAP","A","2004",8.165,
"PRT","AIREMISSION","GHG","TONNE_CAP","A","2005",8.384,
"PRT","AIREMISSION","GHG","TONNE_CAP","A","2006",7.884,
"PRT","AIREMISSION","GHG","TONNE_CAP","A","2007",7.631,
"PRT","AIREMISSION","GHG","TONNE_CAP","A","2008",7.406,
"PRT","AIREMISSION","GHG","TONNE_CAP","A","2009",7.107,
"PRT","AIREMISSION","GHG","TONNE_CAP","A","2010",6.65,
"PRT","AIREMISSION","GHG","TONNE_CAP","A","2011",6.516,
"PRT","AIREMISSION","GHG","TONNE_CAP","A","2012",6.366,
"PRT","AIREMISSION","GHG","TONNE_CAP","A","2013",6.201,
"PRT","AIREMISSION","GHG","TONNE_CAP","A","2014",6.19,
"SVK","AIREMISSION","GHG","TONNE_CAP","A","1990",14.102,
"SVK","AIREMISSION","GHG","TONNE_CAP","A","1991",12.268,
"SVK","AIREMISSION","GHG","TONNE_CAP","A","1992",11.229,
"SVK","AIREMISSION","GHG","TONNE_CAP","A","1993",10.516,
"SVK","AIREMISSION","GHG","TONNE_CAP","A","1994",9.977,
"SVK","AIREMISSION","GHG","TONNE_CAP","A","1995",10.204,
"SVK","AIREMISSION","GHG","TONNE_CAP","A","1996",10.234,
"SVK","AIREMISSION","GHG","TONNE_CAP","A","1997",10.152,
"SVK","AIREMISSION","GHG","TONNE_CAP","A","1998",9.873,
"SVK","AIREMISSION","GHG","TONNE_CAP","A","1999",9.621,
"SVK","AIREMISSION","GHG","TONNE_CAP","A","2000",9.265,
"SVK","AIREMISSION","GHG","TONNE_CAP","A","2001",9.73,
"SVK","AIREMISSION","GHG","TONNE_CAP","A","2002",9.363,
"SVK","AIREMISSION","GHG","TONNE_CAP","A","2003",9.45,
"SVK","AIREMISSION","GHG","TONNE_CAP","A","2004",9.585,
"SVK","AIREMISSION","GHG","TONNE_CAP","A","2005",9.577,
"SVK","AIREMISSION","GHG","TONNE_CAP","A","2006",9.561,
"SVK","AIREMISSION","GHG","TONNE_CAP","A","2007",9.21,
"SVK","AIREMISSION","GHG","TONNE_CAP","A","2008",9.331,
"SVK","AIREMISSION","GHG","TONNE_CAP","A","2009",8.471,
"SVK","AIREMISSION","GHG","TONNE_CAP","A","2010",8.633,
"SVK","AIREMISSION","GHG","TONNE_CAP","A","2011",8.462,
"SVK","AIREMISSION","GHG","TONNE_CAP","A","2012",8.002,
"SVK","AIREMISSION","GHG","TONNE_CAP","A","2013",7.919,
"SVK","AIREMISSION","GHG","TONNE_CAP","A","2014",7.504,
"ESP","AIREMISSION","GHG","TONNE_CAP","A","1990",7.358,
"ESP","AIREMISSION","GHG","TONNE_CAP","A","1991",7.58,
"ESP","AIREMISSION","GHG","TONNE_CAP","A","1992",7.776,
"ESP","AIREMISSION","GHG","TONNE_CAP","A","1993",7.477,
"ESP","AIREMISSION","GHG","TONNE_CAP","A","1994",7.854,
"ESP","AIREMISSION","GHG","TONNE_CAP","A","1995",8.199,
"ESP","AIREMISSION","GHG","TONNE_CAP","A","1996",7.975,
"ESP","AIREMISSION","GHG","TONNE_CAP","A","1997",8.293,
"ESP","AIREMISSION","GHG","TONNE_CAP","A","1998",8.511,
"ESP","AIREMISSION","GHG","TONNE_CAP","A","1999",9.139,
"ESP","AIREMISSION","GHG","TONNE_CAP","A","2000",9.496,
"ESP","AIREMISSION","GHG","TONNE_CAP","A","2001",9.375,
"ESP","AIREMISSION","GHG","TONNE_CAP","A","2002",9.662,
"ESP","AIREMISSION","GHG","TONNE_CAP","A","2003",9.662,
"ESP","AIREMISSION","GHG","TONNE_CAP","A","2004",9.882,
"ESP","AIREMISSION","GHG","TONNE_CAP","A","2005",10.042,
"ESP","AIREMISSION","GHG","TONNE_CAP","A","2006",9.722,
"ESP","AIREMISSION","GHG","TONNE_CAP","A","2007",9.729,
"ESP","AIREMISSION","GHG","TONNE_CAP","A","2008",8.894,
"ESP","AIREMISSION","GHG","TONNE_CAP","A","2009",8.012,
"ESP","AIREMISSION","GHG","TONNE_CAP","A","2010",7.749,
"ESP","AIREMISSION","GHG","TONNE_CAP","A","2011",7.71,
"ESP","AIREMISSION","GHG","TONNE_CAP","A","2012",7.6,
"ESP","AIREMISSION","GHG","TONNE_CAP","A","2013",7.028,
"ESP","AIREMISSION","GHG","TONNE_CAP","A","2014",7.079,
"SWE","AIREMISSION","GHG","TONNE_CAP","A","1990",8.403,
"SWE","AIREMISSION","GHG","TONNE_CAP","A","1991",8.36,
"SWE","AIREMISSION","GHG","TONNE_CAP","A","1992",8.252,
"SWE","AIREMISSION","GHG","TONNE_CAP","A","1993",8.236,
"SWE","AIREMISSION","GHG","TONNE_CAP","A","1994",8.454,
"SWE","AIREMISSION","GHG","TONNE_CAP","A","1995",8.387,
"SWE","AIREMISSION","GHG","TONNE_CAP","A","1996",8.774,
"SWE","AIREMISSION","GHG","TONNE_CAP","A","1997",8.227,
"SWE","AIREMISSION","GHG","TONNE_CAP","A","1998",8.257,
"SWE","AIREMISSION","GHG","TONNE_CAP","A","1999",7.923,
"SWE","AIREMISSION","GHG","TONNE_CAP","A","2000",7.762,
"SWE","AIREMISSION","GHG","TONNE_CAP","A","2001",7.778,
"SWE","AIREMISSION","GHG","TONNE_CAP","A","2002",7.861,
"SWE","AIREMISSION","GHG","TONNE_CAP","A","2003",7.881,
"SWE","AIREMISSION","GHG","TONNE_CAP","A","2004",7.737,
"SWE","AIREMISSION","GHG","TONNE_CAP","A","2005",7.417,
"SWE","AIREMISSION","GHG","TONNE_CAP","A","2006",7.37,
"SWE","AIREMISSION","GHG","TONNE_CAP","A","2007",7.146,
"SWE","AIREMISSION","GHG","TONNE_CAP","A","2008",6.846,
"SWE","AIREMISSION","GHG","TONNE_CAP","A","2009",6.351,
"SWE","AIREMISSION","GHG","TONNE_CAP","A","2010",6.931,
"SWE","AIREMISSION","GHG","TONNE_CAP","A","2011",6.454,
"SWE","AIREMISSION","GHG","TONNE_CAP","A","2012",6.049,
"SWE","AIREMISSION","GHG","TONNE_CAP","A","2013",5.821,
"SWE","AIREMISSION","GHG","TONNE_CAP","A","2014",5.608,
"CHE","AIREMISSION","GHG","TONNE_CAP","A","1990",7.943,
"CHE","AIREMISSION","GHG","TONNE_CAP","A","1991",8.126,
"CHE","AIREMISSION","GHG","TONNE_CAP","A","1992",7.996,
"CHE","AIREMISSION","GHG","TONNE_CAP","A","1993",7.542,
"CHE","AIREMISSION","GHG","TONNE_CAP","A","1994",7.339,
"CHE","AIREMISSION","GHG","TONNE_CAP","A","1995",7.415,
"CHE","AIREMISSION","GHG","TONNE_CAP","A","1996",7.485,
"CHE","AIREMISSION","GHG","TONNE_CAP","A","1997",7.29,
"CHE","AIREMISSION","GHG","TONNE_CAP","A","1998",7.494,
"CHE","AIREMISSION","GHG","TONNE_CAP","A","1999",7.424,
"CHE","AIREMISSION","GHG","TONNE_CAP","A","2000",7.282,
"CHE","AIREMISSION","GHG","TONNE_CAP","A","2001",7.459,
"CHE","AIREMISSION","GHG","TONNE_CAP","A","2002",7.181,
"CHE","AIREMISSION","GHG","TONNE_CAP","A","2003",7.294,
"CHE","AIREMISSION","GHG","TONNE_CAP","A","2004",7.33,
"CHE","AIREMISSION","GHG","TONNE_CAP","A","2005",7.375,
"CHE","AIREMISSION","GHG","TONNE_CAP","A","2006",7.279,
"CHE","AIREMISSION","GHG","TONNE_CAP","A","2007",6.959,
"CHE","AIREMISSION","GHG","TONNE_CAP","A","2008",7.071,
"CHE","AIREMISSION","GHG","TONNE_CAP","A","2009",6.814,
"CHE","AIREMISSION","GHG","TONNE_CAP","A","2010",6.945,
"CHE","AIREMISSION","GHG","TONNE_CAP","A","2011",6.355,
"CHE","AIREMISSION","GHG","TONNE_CAP","A","2012",6.49,
"CHE","AIREMISSION","GHG","TONNE_CAP","A","2013",6.549,
"CHE","AIREMISSION","GHG","TONNE_CAP","A","2014",6.019,
"TUR","AIREMISSION","GHG","TONNE_CAP","A","1990",3.769,
"TUR","AIREMISSION","GHG","TONNE_CAP","A","1991",3.82,
"TUR","AIREMISSION","GHG","TONNE_CAP","A","1992",3.875,
"TUR","AIREMISSION","GHG","TONNE_CAP","A","1993",3.982,
"TUR","AIREMISSION","GHG","TONNE_CAP","A","1994",3.819,
"TUR","AIREMISSION","GHG","TONNE_CAP","A","1995",4,
"TUR","AIREMISSION","GHG","TONNE_CAP","A","1996",4.23,
"TUR","AIREMISSION","GHG","TONNE_CAP","A","1997",4.383,
"TUR","AIREMISSION","GHG","TONNE_CAP","A","1998",4.351,
"TUR","AIREMISSION","GHG","TONNE_CAP","A","1999",4.283,
"TUR","AIREMISSION","GHG","TONNE_CAP","A","2000",4.618,
"TUR","AIREMISSION","GHG","TONNE_CAP","A","2001",4.278,
"TUR","AIREMISSION","GHG","TONNE_CAP","A","2002",4.35,
"TUR","AIREMISSION","GHG","TONNE_CAP","A","2003",4.547,
"TUR","AIREMISSION","GHG","TONNE_CAP","A","2004",4.688,
"TUR","AIREMISSION","GHG","TONNE_CAP","A","2005",5.045,
"TUR","AIREMISSION","GHG","TONNE_CAP","A","2006",5.359,
"TUR","AIREMISSION","GHG","TONNE_CAP","A","2007",5.75,
"TUR","AIREMISSION","GHG","TONNE_CAP","A","2008",5.533,
"TUR","AIREMISSION","GHG","TONNE_CAP","A","2009",5.31,
"TUR","AIREMISSION","GHG","TONNE_CAP","A","2010",5.404,
"TUR","AIREMISSION","GHG","TONNE_CAP","A","2011",5.603,
"TUR","AIREMISSION","GHG","TONNE_CAP","A","2012",5.952,
"TUR","AIREMISSION","GHG","TONNE_CAP","A","2013",5.77,
"TUR","AIREMISSION","GHG","TONNE_CAP","A","2014",6.08,
"GBR","AIREMISSION","GHG","TONNE_CAP","A","1990",13.974,
"GBR","AIREMISSION","GHG","TONNE_CAP","A","1991",14.089,
"GBR","AIREMISSION","GHG","TONNE_CAP","A","1992",13.699,
"GBR","AIREMISSION","GHG","TONNE_CAP","A","1993",13.324,
"GBR","AIREMISSION","GHG","TONNE_CAP","A","1994",13.101,
"GBR","AIREMISSION","GHG","TONNE_CAP","A","1995",12.963,
"GBR","AIREMISSION","GHG","TONNE_CAP","A","1996",13.306,
"GBR","AIREMISSION","GHG","TONNE_CAP","A","1997",12.848,
"GBR","AIREMISSION","GHG","TONNE_CAP","A","1998",12.769,
"GBR","AIREMISSION","GHG","TONNE_CAP","A","1999",12.201,
"GBR","AIREMISSION","GHG","TONNE_CAP","A","2000",12.18,
"GBR","AIREMISSION","GHG","TONNE_CAP","A","2001",12.192,
"GBR","AIREMISSION","GHG","TONNE_CAP","A","2002",11.964,
"GBR","AIREMISSION","GHG","TONNE_CAP","A","2003",12.029,
"GBR","AIREMISSION","GHG","TONNE_CAP","A","2004",11.899,
"GBR","AIREMISSION","GHG","TONNE_CAP","A","2005",11.675,
"GBR","AIREMISSION","GHG","TONNE_CAP","A","2006",11.5,
"GBR","AIREMISSION","GHG","TONNE_CAP","A","2007",11.205,
"GBR","AIREMISSION","GHG","TONNE_CAP","A","2008",10.785,
"GBR","AIREMISSION","GHG","TONNE_CAP","A","2009",9.756,
"GBR","AIREMISSION","GHG","TONNE_CAP","A","2010",9.915,
"GBR","AIREMISSION","GHG","TONNE_CAP","A","2011",9.06,
"GBR","AIREMISSION","GHG","TONNE_CAP","A","2012",9.269,
"GBR","AIREMISSION","GHG","TONNE_CAP","A","2013",9.01,
"GBR","AIREMISSION","GHG","TONNE_CAP","A","2014",8.283,
"USA","AIREMISSION","GHG","TONNE_CAP","A","1990",25.627,
"USA","AIREMISSION","GHG","TONNE_CAP","A","1991",25.025,
"USA","AIREMISSION","GHG","TONNE_CAP","A","1992",25.14,
"USA","AIREMISSION","GHG","TONNE_CAP","A","1993",25.263,
"USA","AIREMISSION","GHG","TONNE_CAP","A","1994",25.274,
"USA","AIREMISSION","GHG","TONNE_CAP","A","1995",25.344,
"USA","AIREMISSION","GHG","TONNE_CAP","A","1996",25.798,
"USA","AIREMISSION","GHG","TONNE_CAP","A","1997",25.674,
"USA","AIREMISSION","GHG","TONNE_CAP","A","1998",25.618,
"USA","AIREMISSION","GHG","TONNE_CAP","A","1999",25.41,
"USA","AIREMISSION","GHG","TONNE_CAP","A","2000",25.726,
"USA","AIREMISSION","GHG","TONNE_CAP","A","2001",25.059,
"USA","AIREMISSION","GHG","TONNE_CAP","A","2002",24.982,
"USA","AIREMISSION","GHG","TONNE_CAP","A","2003",24.904,
"USA","AIREMISSION","GHG","TONNE_CAP","A","2004",25.17,
"USA","AIREMISSION","GHG","TONNE_CAP","A","2005",24.969,
"USA","AIREMISSION","GHG","TONNE_CAP","A","2006",24.52,
"USA","AIREMISSION","GHG","TONNE_CAP","A","2007",24.64,
"USA","AIREMISSION","GHG","TONNE_CAP","A","2008",23.731,
"USA","AIREMISSION","GHG","TONNE_CAP","A","2009",22.089,
"USA","AIREMISSION","GHG","TONNE_CAP","A","2010",22.581,
"USA","AIREMISSION","GHG","TONNE_CAP","A","2011",22.024,
"USA","AIREMISSION","GHG","TONNE_CAP","A","2012",21.149,
"USA","AIREMISSION","GHG","TONNE_CAP","A","2013",21.485,
"USA","AIREMISSION","GHG","TONNE_CAP","A","2014",21.547,
"CHL","AIREMISSION","GHG","TONNE_CAP","A","1990",3.786,
"CHL","AIREMISSION","GHG","TONNE_CAP","A","1991",3.592,
"CHL","AIREMISSION","GHG","TONNE_CAP","A","1992",3.662,
"CHL","AIREMISSION","GHG","TONNE_CAP","A","1993",3.784,
"CHL","AIREMISSION","GHG","TONNE_CAP","A","1994",3.947,
"CHL","AIREMISSION","GHG","TONNE_CAP","A","1995",4.119,
"CHL","AIREMISSION","GHG","TONNE_CAP","A","1996",4.485,
"CHL","AIREMISSION","GHG","TONNE_CAP","A","1997",4.926,
"CHL","AIREMISSION","GHG","TONNE_CAP","A","1998",4.92,
"CHL","AIREMISSION","GHG","TONNE_CAP","A","1999",5.065,
"CHL","AIREMISSION","GHG","TONNE_CAP","A","2000",4.838,
"CHL","AIREMISSION","GHG","TONNE_CAP","A","2001",4.64,
"CHL","AIREMISSION","GHG","TONNE_CAP","A","2002",4.653,
"CHL","AIREMISSION","GHG","TONNE_CAP","A","2003",4.667,
"CHL","AIREMISSION","GHG","TONNE_CAP","A","2004",4.987,
"CHL","AIREMISSION","GHG","TONNE_CAP","A","2005",5.041,
"CHL","AIREMISSION","GHG","TONNE_CAP","A","2006",5.068,
"CHL","AIREMISSION","GHG","TONNE_CAP","A","2007",5.593,
"CHL","AIREMISSION","GHG","TONNE_CAP","A","2008",5.606,
"CHL","AIREMISSION","GHG","TONNE_CAP","A","2009",5.371,
"CHL","AIREMISSION","GHG","TONNE_CAP","A","2010",5.357,
"EST","AIREMISSION","GHG","TONNE_CAP","A","1990",25.469,
"EST","AIREMISSION","GHG","TONNE_CAP","A","1991",23.566,
"EST","AIREMISSION","GHG","TONNE_CAP","A","1992",17.531,
"EST","AIREMISSION","GHG","TONNE_CAP","A","1993",14.056,
"EST","AIREMISSION","GHG","TONNE_CAP","A","1994",14.847,
"EST","AIREMISSION","GHG","TONNE_CAP","A","1995",13.876,
"EST","AIREMISSION","GHG","TONNE_CAP","A","1996",14.575,
"EST","AIREMISSION","GHG","TONNE_CAP","A","1997",14.478,
"EST","AIREMISSION","GHG","TONNE_CAP","A","1998",13.495,
"EST","AIREMISSION","GHG","TONNE_CAP","A","1999",12.573,
"EST","AIREMISSION","GHG","TONNE_CAP","A","2000",12.37,
"EST","AIREMISSION","GHG","TONNE_CAP","A","2001",12.721,
"EST","AIREMISSION","GHG","TONNE_CAP","A","2002",12.38,
"EST","AIREMISSION","GHG","TONNE_CAP","A","2003",13.795,
"EST","AIREMISSION","GHG","TONNE_CAP","A","2004",14.051,
"EST","AIREMISSION","GHG","TONNE_CAP","A","2005",13.542,
"EST","AIREMISSION","GHG","TONNE_CAP","A","2006",13.14,
"EST","AIREMISSION","GHG","TONNE_CAP","A","2007",15.508,
"EST","AIREMISSION","GHG","TONNE_CAP","A","2008",14.456,
"EST","AIREMISSION","GHG","TONNE_CAP","A","2009",12.09,
"EST","AIREMISSION","GHG","TONNE_CAP","A","2010",14.894,
"EST","AIREMISSION","GHG","TONNE_CAP","A","2011",15.345,
"EST","AIREMISSION","GHG","TONNE_CAP","A","2012",14.612,
"EST","AIREMISSION","GHG","TONNE_CAP","A","2013",16.42,
"EST","AIREMISSION","GHG","TONNE_CAP","A","2014",16.005,
"ISR","AIREMISSION","GHG","TONNE_CAP","A","1996",10.076,
"ISR","AIREMISSION","GHG","TONNE_CAP","A","2000",10.645,
"ISR","AIREMISSION","GHG","TONNE_CAP","A","2003",10.641,
"ISR","AIREMISSION","GHG","TONNE_CAP","A","2004",10.522,
"ISR","AIREMISSION","GHG","TONNE_CAP","A","2005",10.4,
"ISR","AIREMISSION","GHG","TONNE_CAP","A","2006",10.414,
"ISR","AIREMISSION","GHG","TONNE_CAP","A","2007",10.565,
"ISR","AIREMISSION","GHG","TONNE_CAP","A","2008",10.56,
"ISR","AIREMISSION","GHG","TONNE_CAP","A","2009",9.818,
"ISR","AIREMISSION","GHG","TONNE_CAP","A","2010",10.083,
"ISR","AIREMISSION","GHG","TONNE_CAP","A","2011",10.064,
"ISR","AIREMISSION","GHG","TONNE_CAP","A","2012",10.646,
"ISR","AIREMISSION","GHG","TONNE_CAP","A","2013",9.72,
"SVN","AIREMISSION","GHG","TONNE_CAP","A","1990",9.317,
"SVN","AIREMISSION","GHG","TONNE_CAP","A","1991",8.648,
"SVN","AIREMISSION","GHG","TONNE_CAP","A","1992",8.723,
"SVN","AIREMISSION","GHG","TONNE_CAP","A","1993",8.844,
"SVN","AIREMISSION","GHG","TONNE_CAP","A","1994",9.053,
"SVN","AIREMISSION","GHG","TONNE_CAP","A","1995",9.439,
"SVN","AIREMISSION","GHG","TONNE_CAP","A","1996",9.763,
"SVN","AIREMISSION","GHG","TONNE_CAP","A","1997",9.963,
"SVN","AIREMISSION","GHG","TONNE_CAP","A","1998",9.846,
"SVN","AIREMISSION","GHG","TONNE_CAP","A","1999",9.515,
"SVN","AIREMISSION","GHG","TONNE_CAP","A","2000",9.61,
"SVN","AIREMISSION","GHG","TONNE_CAP","A","2001",10.045,
"SVN","AIREMISSION","GHG","TONNE_CAP","A","2002",10.102,
"SVN","AIREMISSION","GHG","TONNE_CAP","A","2003",9.955,
"SVN","AIREMISSION","GHG","TONNE_CAP","A","2004",10.114,
"SVN","AIREMISSION","GHG","TONNE_CAP","A","2005",10.256,
"SVN","AIREMISSION","GHG","TONNE_CAP","A","2006",10.304,
"SVN","AIREMISSION","GHG","TONNE_CAP","A","2007",10.316,
"SVN","AIREMISSION","GHG","TONNE_CAP","A","2008",10.641,
"SVN","AIREMISSION","GHG","TONNE_CAP","A","2009",9.595,
"SVN","AIREMISSION","GHG","TONNE_CAP","A","2010",9.574,
"SVN","AIREMISSION","GHG","TONNE_CAP","A","2011",9.562,
"SVN","AIREMISSION","GHG","TONNE_CAP","A","2012",9.257,
"SVN","AIREMISSION","GHG","TONNE_CAP","A","2013",8.894,
"SVN","AIREMISSION","GHG","TONNE_CAP","A","2014",8.043,
"OECD","AIREMISSION","GHG","TONNE_CAP","A","1990",14.175,
"OECD","AIREMISSION","GHG","TONNE_CAP","A","1991",14.001,
"OECD","AIREMISSION","GHG","TONNE_CAP","A","1992",13.926,
"OECD","AIREMISSION","GHG","TONNE_CAP","A","1993",13.89,
"OECD","AIREMISSION","GHG","TONNE_CAP","A","1994",13.981,
"OECD","AIREMISSION","GHG","TONNE_CAP","A","1995",14.078,
"OECD","AIREMISSION","GHG","TONNE_CAP","A","1996",14.358,
"OECD","AIREMISSION","GHG","TONNE_CAP","A","1997",14.309,
"OECD","AIREMISSION","GHG","TONNE_CAP","A","1998",14.193,
"OECD","AIREMISSION","GHG","TONNE_CAP","A","1999",14.114,
"OECD","AIREMISSION","GHG","TONNE_CAP","A","2000",14.286,
"OECD","AIREMISSION","GHG","TONNE_CAP","A","2001",14.093,
"OECD","AIREMISSION","GHG","TONNE_CAP","A","2002",14.069,
"OECD","AIREMISSION","GHG","TONNE_CAP","A","2003",14.125,
"OECD","AIREMISSION","GHG","TONNE_CAP","A","2004",14.213,
"OECD","AIREMISSION","GHG","TONNE_CAP","A","2005",14.127,
"OECD","AIREMISSION","GHG","TONNE_CAP","A","2006",13.995,
"OECD","AIREMISSION","GHG","TONNE_CAP","A","2007",14.047,
"OECD","AIREMISSION","GHG","TONNE_CAP","A","2008",13.632,
"OECD","AIREMISSION","GHG","TONNE_CAP","A","2009",12.795,
"OECD","AIREMISSION","GHG","TONNE_CAP","A","2010",13.085,
"OECD","AIREMISSION","GHG","TONNE_CAP","A","2011",12.87,
"OECD","AIREMISSION","GHG","TONNE_CAP","A","2012",12.661,
"OECD","AIREMISSION","GHG","TONNE_CAP","A","2013",12.611,
"OECD","AIREMISSION","GHG","TONNE_CAP","A","2014",12.432,
"RUS","AIREMISSION","GHG","TONNE_CAP","A","1990",26.628,
"RUS","AIREMISSION","GHG","TONNE_CAP","A","1991",25.003,
"RUS","AIREMISSION","GHG","TONNE_CAP","A","1992",21.386,
"RUS","AIREMISSION","GHG","TONNE_CAP","A","1993",20.055,
"RUS","AIREMISSION","GHG","TONNE_CAP","A","1994",18.039,
"RUS","AIREMISSION","GHG","TONNE_CAP","A","1995",17.467,
"RUS","AIREMISSION","GHG","TONNE_CAP","A","1996",16.999,
"RUS","AIREMISSION","GHG","TONNE_CAP","A","1997",16.335,
"RUS","AIREMISSION","GHG","TONNE_CAP","A","1998",16.186,
"RUS","AIREMISSION","GHG","TONNE_CAP","A","1999",16.451,
"RUS","AIREMISSION","GHG","TONNE_CAP","A","2000",16.595,
"RUS","AIREMISSION","GHG","TONNE_CAP","A","2001",17.07,
"RUS","AIREMISSION","GHG","TONNE_CAP","A","2002",17.226,
"RUS","AIREMISSION","GHG","TONNE_CAP","A","2003",17.892,
"RUS","AIREMISSION","GHG","TONNE_CAP","A","2004",18.325,
"RUS","AIREMISSION","GHG","TONNE_CAP","A","2005",18.62,
"RUS","AIREMISSION","GHG","TONNE_CAP","A","2006",19.218,
"RUS","AIREMISSION","GHG","TONNE_CAP","A","2007",19.306,
"RUS","AIREMISSION","GHG","TONNE_CAP","A","2008",19.556,
"RUS","AIREMISSION","GHG","TONNE_CAP","A","2009",18.443,
"RUS","AIREMISSION","GHG","TONNE_CAP","A","2010",19.409,
"RUS","AIREMISSION","GHG","TONNE_CAP","A","2011",19.87,
"RUS","AIREMISSION","GHG","TONNE_CAP","A","2012",20.047,
"RUS","AIREMISSION","GHG","TONNE_CAP","A","2013",19.617,
"RUS","AIREMISSION","GHG","TONNE_CAP","A","2014",19.559,
"OECDE","AIREMISSION","GHG","TONNE_CAP","A","1990",11.111,
"OECDE","AIREMISSION","GHG","TONNE_CAP","A","1991",11.012,
"OECDE","AIREMISSION","GHG","TONNE_CAP","A","1992",10.689,
"OECDE","AIREMISSION","GHG","TONNE_CAP","A","1993",10.487,
"OECDE","AIREMISSION","GHG","TONNE_CAP","A","1994",10.402,
"OECDE","AIREMISSION","GHG","TONNE_CAP","A","1995",10.474,
"OECDE","AIREMISSION","GHG","TONNE_CAP","A","1996",10.676,
"OECDE","AIREMISSION","GHG","TONNE_CAP","A","1997",10.496,
"OECDE","AIREMISSION","GHG","TONNE_CAP","A","1998",10.42,
"OECDE","AIREMISSION","GHG","TONNE_CAP","A","1999",10.216,
"OECDE","AIREMISSION","GHG","TONNE_CAP","A","2000",10.229,
"OECDE","AIREMISSION","GHG","TONNE_CAP","A","2001",10.229,
"OECDE","AIREMISSION","GHG","TONNE_CAP","A","2002",10.121,
"OECDE","AIREMISSION","GHG","TONNE_CAP","A","2003",10.237,
"OECDE","AIREMISSION","GHG","TONNE_CAP","A","2004",10.197,
"OECDE","AIREMISSION","GHG","TONNE_CAP","A","2005",10.113,
"OECDE","AIREMISSION","GHG","TONNE_CAP","A","2006",10.076,
"OECDE","AIREMISSION","GHG","TONNE_CAP","A","2007",9.952,
"OECDE","AIREMISSION","GHG","TONNE_CAP","A","2008",9.683,
"OECDE","AIREMISSION","GHG","TONNE_CAP","A","2009",9.002,
"OECDE","AIREMISSION","GHG","TONNE_CAP","A","2010",9.184,
"OECDE","AIREMISSION","GHG","TONNE_CAP","A","2011",8.88,
"OECDE","AIREMISSION","GHG","TONNE_CAP","A","2012",8.808,
"OECDE","AIREMISSION","GHG","TONNE_CAP","A","2013",8.634,
"OECDE","AIREMISSION","GHG","TONNE_CAP","A","2014",8.305,
"BRA","AIREMISSION","GHG","TONNE_CAP","A","1990",3.909,
"BRA","AIREMISSION","GHG","TONNE_CAP","A","1991",3.972,
"BRA","AIREMISSION","GHG","TONNE_CAP","A","1992",3.97,
"BRA","AIREMISSION","GHG","TONNE_CAP","A","1993",3.99,
"BRA","AIREMISSION","GHG","TONNE_CAP","A","1994",4.047,
"BRA","AIREMISSION","GHG","TONNE_CAP","A","1995",4.155,
"BRA","AIREMISSION","GHG","TONNE_CAP","A","1996",4.12,
"BRA","AIREMISSION","GHG","TONNE_CAP","A","1997",4.212,
"BRA","AIREMISSION","GHG","TONNE_CAP","A","1998",4.27,
"BRA","AIREMISSION","GHG","TONNE_CAP","A","1999",4.321,
"BRA","AIREMISSION","GHG","TONNE_CAP","A","2000",4.418,
"BRA","AIREMISSION","GHG","TONNE_CAP","A","2001",4.464,
"BRA","AIREMISSION","GHG","TONNE_CAP","A","2002",4.488,
"BRA","AIREMISSION","GHG","TONNE_CAP","A","2003",4.541,
"BRA","AIREMISSION","GHG","TONNE_CAP","A","2004",4.674,
"BRA","AIREMISSION","GHG","TONNE_CAP","A","2005",4.711,
"BRA","AIREMISSION","GHG","TONNE_CAP","A","2006",4.751,
"BRA","AIREMISSION","GHG","TONNE_CAP","A","2007",4.699,
"BRA","AIREMISSION","GHG","TONNE_CAP","A","2008",4.8,
"BRA","AIREMISSION","GHG","TONNE_CAP","A","2009",4.651,
"BRA","AIREMISSION","GHG","TONNE_CAP","A","2010",4.938,
"BRA","AIREMISSION","GHG","TONNE_CAP","A","2011",5.087,
"BRA","AIREMISSION","GHG","TONNE_CAP","A","2012",5.23,
"CHN","AIREMISSION","GHG","TONNE_CAP","A","1994",3.31,
"CHN","AIREMISSION","GHG","TONNE_CAP","A","2005",5.664,
"COL","AIREMISSION","GHG","TONNE_CAP","A","1990",3.479,
"COL","AIREMISSION","GHG","TONNE_CAP","A","1994",3.73,
"COL","AIREMISSION","GHG","TONNE_CAP","A","2000",3.655,
"COL","AIREMISSION","GHG","TONNE_CAP","A","2004",3.632,
"IND","AIREMISSION","GHG","TONNE_CAP","A","1994",1.294,
"IND","AIREMISSION","GHG","TONNE_CAP","A","2000",1.462,
"IDN","AIREMISSION","GHG","TONNE_CAP","A","1990",1.494,
"IDN","AIREMISSION","GHG","TONNE_CAP","A","1991",1.61,
"IDN","AIREMISSION","GHG","TONNE_CAP","A","1992",1.659,
"IDN","AIREMISSION","GHG","TONNE_CAP","A","1993",1.695,
"IDN","AIREMISSION","GHG","TONNE_CAP","A","1994",1.749,
"IDN","AIREMISSION","GHG","TONNE_CAP","A","2000",2.653,
"LVA","AIREMISSION","GHG","TONNE_CAP","A","1990",9.844,
"LVA","AIREMISSION","GHG","TONNE_CAP","A","1991",9.134,
"LVA","AIREMISSION","GHG","TONNE_CAP","A","1992",7.453,
"LVA","AIREMISSION","GHG","TONNE_CAP","A","1993",6.271,
"LVA","AIREMISSION","GHG","TONNE_CAP","A","1994",5.627,
"LVA","AIREMISSION","GHG","TONNE_CAP","A","1995",5.142,
"LVA","AIREMISSION","GHG","TONNE_CAP","A","1996",5.22,
"LVA","AIREMISSION","GHG","TONNE_CAP","A","1997",5.044,
"LVA","AIREMISSION","GHG","TONNE_CAP","A","1998",4.882,
"LVA","AIREMISSION","GHG","TONNE_CAP","A","1999",4.594,
"LVA","AIREMISSION","GHG","TONNE_CAP","A","2000",4.398,
"LVA","AIREMISSION","GHG","TONNE_CAP","A","2001",4.713,
"LVA","AIREMISSION","GHG","TONNE_CAP","A","2002",4.763,
"LVA","AIREMISSION","GHG","TONNE_CAP","A","2003",4.876,
"LVA","AIREMISSION","GHG","TONNE_CAP","A","2004",4.947,
"LVA","AIREMISSION","GHG","TONNE_CAP","A","2005",5.092,
"LVA","AIREMISSION","GHG","TONNE_CAP","A","2006",5.361,
"LVA","AIREMISSION","GHG","TONNE_CAP","A","2007",5.614,
"LVA","AIREMISSION","GHG","TONNE_CAP","A","2008",5.457,
"LVA","AIREMISSION","GHG","TONNE_CAP","A","2009",5.192,
"LVA","AIREMISSION","GHG","TONNE_CAP","A","2010",5.847,
"LVA","AIREMISSION","GHG","TONNE_CAP","A","2011",5.579,
"LVA","AIREMISSION","GHG","TONNE_CAP","A","2012",5.607,
"LVA","AIREMISSION","GHG","TONNE_CAP","A","2013",5.525,
"LVA","AIREMISSION","GHG","TONNE_CAP","A","2014",5.528,
"LTU","AIREMISSION","GHG","TONNE_CAP","A","1990",12.735,
"LTU","AIREMISSION","GHG","TONNE_CAP","A","1991",13.251,
"LTU","AIREMISSION","GHG","TONNE_CAP","A","1992",7.965,
"LTU","AIREMISSION","GHG","TONNE_CAP","A","1993",6.447,
"LTU","AIREMISSION","GHG","TONNE_CAP","A","1994",6.131,
"LTU","AIREMISSION","GHG","TONNE_CAP","A","1995",5.942,
"LTU","AIREMISSION","GHG","TONNE_CAP","A","1996",6.285,
"LTU","AIREMISSION","GHG","TONNE_CAP","A","1997",6.193,
"LTU","AIREMISSION","GHG","TONNE_CAP","A","1998",6.484,
"LTU","AIREMISSION","GHG","TONNE_CAP","A","1999",5.78,
"LTU","AIREMISSION","GHG","TONNE_CAP","A","2000",5.342,
"LTU","AIREMISSION","GHG","TONNE_CAP","A","2001",5.658,
"LTU","AIREMISSION","GHG","TONNE_CAP","A","2002",5.797,
"LTU","AIREMISSION","GHG","TONNE_CAP","A","2003",5.91,
"LTU","AIREMISSION","GHG","TONNE_CAP","A","2004",6.159,
"LTU","AIREMISSION","GHG","TONNE_CAP","A","2005",6.517,
"LTU","AIREMISSION","GHG","TONNE_CAP","A","2006",6.662,
"LTU","AIREMISSION","GHG","TONNE_CAP","A","2007",7.336,
"LTU","AIREMISSION","GHG","TONNE_CAP","A","2008",7.127,
"LTU","AIREMISSION","GHG","TONNE_CAP","A","2009",5.861,
"LTU","AIREMISSION","GHG","TONNE_CAP","A","2010",6.174,
"LTU","AIREMISSION","GHG","TONNE_CAP","A","2011",6.372,
"LTU","AIREMISSION","GHG","TONNE_CAP","A","2012",6.38,
"LTU","AIREMISSION","GHG","TONNE_CAP","A","2013",6.012,
"LTU","AIREMISSION","GHG","TONNE_CAP","A","2014",6.009,
"ZAF","AIREMISSION","GHG","TONNE_CAP","A","1990",9.441,
"ZAF","AIREMISSION","GHG","TONNE_CAP","A","1994",9.364,
"CRI","AIREMISSION","GHG","TONNE_CAP","A","2005",2.561,
"CRI","AIREMISSION","GHG","TONNE_CAP","A","2010",2.753,
"CRI","AIREMISSION","GHG","TONNE_CAP","A","2012",2.849,
